Date,Mine Name,City,State,Killed,Product,Accident Type,Mine Type,Mining Sector
1839-03-17,Black Heath,Richmond,VA,53,Coal,Explosion,UG,Coal
1844-06-14,Black Heath,Richmond,VA,11,Coal,Explosion,UG,Coal
1846-01-11,No. 1,Carbondale,PA,14,Coal,Cave-in,UG,Coal
1847-02-18,Spencer,Pottsville,PA,7,Coal,Explosion,UG,Coal
1850-11-29,"Cox's Pit, Clover Hill",Winterpock,VA,7,Coal,Explosion,UG,Coal
1854-05-14,Chesterfield,New Richmond,VA,20,Coal,Explosion,UG,Coal
1855-03-18,Midlothian,Coalfield,VA,55,Coal,Explosion,UG,Coal
1859-04-12,Bright Hope,Winterpock,VA,9,Coal,Explosion,UG,Coal
1863-11-29,"Raccoon, Clover Hill",Winterpock,VA,17,Coal,Explosion,UG,Coal
1867-04-02,Bright Hope,Winterpock,VA,69,Coal,Explosion,UG,Coal
1869-04-06,Kentucky-Yellow Jacket,Gold Hill,NV,37,Gold,Fire in timbers,UG,Metal
1869-09-05,Avondale,Plymouth,PA,110,Coal,Fire,UG,Coal
1870-03-21,Potts,Locustdale,PA,5,Coal,Explosion,UG,Coal
1870-08-09,Heins & Glassmire,Middleport,PA,9,Coal,Cage fall (shaft),UG,Coal
1870-08-28,Preston No. 3,Girardville,PA,7,Coal,Cage fall (shaft),UG,Coal
1871-05-26,West Pittston,West Pittston,PA,20,Coal,Smoke,UG,Coal
1871-08-13,Eagle Shaft,Pittston,PA,17,Coal,Explosion,UG,Coal
1871-10-01,Otto Red Ash,Branch Dale,PA,5,Coal,Explosion,UG,Coal
1872-07-02,Atwater Slope,Atwater Township,OH,10,Coal,Fire,UG,Coal
1873-06-09,Henry Clay,Shamokin,PA,10,Coal,Fire,UG ,Coal
1873-09-19,Yellow Jacket,Gold Hill,NV,6,Gold,Fire blacksmith forge,UG,Metal
1874-02-12,Phoenix,Phoenix,MI,6,Copper,Explosion of dynamite,Surface,Metal
1874-05-29,Amador,Amador,CA,5,Gold,Cage fell to bottom,UG,Metal
1876-05-19,Midlothian,Coalfield,VA,8,Coal,Fire,UG,Coal
1876-07-23,Black Diamond,Nortonville,CA,6,Coal,Fire,UG,Coal
1877-05-08,Wadesville,Wadesville,PA,7,Coal,Explosion,UG,Coal
1877-07-10,Brookfield,Brookfield,OH,7,Coal,Suffocation,UG,Coal
1878-01-14,Potts,Locust Dale,PA,5,Coal,Explosion,UG,Coal
1878-11-20,Sullivan,Sullivan,IN,8,Coal,Explosion,UG,Coal
1879-05-05,Audenried,Audenried,PA,6,Coal,Explosion,UG,Coal
1879-10-02,Tioga,Bodie,CA,6,Gold,Cage accident,UG,Metal
1879-11-01,Mill Creek,Mill Creek,PA,5,Coal,Explosion,UG,Coal
1880-03-04,No. 2 Shaft,Nanticoke,PA,6,Coal,Explosion,UG,Coal
1880-05-02,Lykens Valley,Shamokin,PA,5,Coal,Explosion,UG,Coal
1881-02-09,Robbins,Robbins,OH,6,Coal,Explosion,UG,Coal
1881-02-15,Belmont,Belmont,MT,6,Copper,Fire from blacksmith,UG ,Metal
1881-03-03,Almy,Almy,WY,38,Coal,Explosion,UG,Coal
1882-02-02,Midlothian,Coalfield,VA,32,Coal,Explosion,UG,Coal
1882-05-23,Kohinoor,Shenandoah,PA,5,Coal,Explosion,UG,Coal
1883-01-08,Coulterville,Coulterville,IL,10,Coal,Explosion,UG,Coal
1883-02-15,Diamond,Braidwood,IL,69,Coal,Inrush of water,UG,Coal
1884-01-23,Crested Butte,Crested Butte,CO,59,Coal,Explosion,UG,Coal
1884-02-19,West Leisenring,West Leisenring,PA,19,Coal,Explosion,UG,Coal
1884-03-12,Laurel,Pocahontas,VA,112,Coal,Explosion,UG,Coal
1884-05-02,Gouverneur,Gouverneur,NY,6,Marble,Explosion of boiler,Surface,Stone
1884-08-20,Buck Ridge,Shamokin,PA,7,Coal,Fire,UG,Coal
1884-10-26,Youngstown,Uniontown,PA,14,Coal,Explosion,UG,Coal
1885-04-05,Cuyler,Raven Run,PA,10,Coal,Roof fall,UG,Coal
1885-08-10,West End,Mocanaqua,PA,10,Coal,Gas/boiler fire,UG,Coal
1885-10-20,Plymouth No. 2,Plymouth,PA,6,Coal,Explosion,UG,Coal
1885-11-12,Bull Domingo,Silver Cliff,CO,10,"Silver, Gold",Dynamite explosion,UG,Metal
1885-12-17,Slope No. 1,Nanticoke,PA,26,Coal,Inrush of water,UG,Coal
1886-01-11,Almy No. 4,Almy,WY,13,Coal,Explosion,UG,Coal
1886-01-20,Newburg,Newburg,WV,39,Coal,Explosion,UG,Coal
1886-03-07,Uniondale,Dunbar,PA,6,Coal,Explosion,UG,Coal
1886-08-29,Fair Lawn,Scranton,PA,6,Coal,Explosion,UG,Coal
1886-09-12,Marvine,Scranton,PA,8,Coal,Suffocated by gas,UG,Coal
1886-11-25,Conyngham,Wilkes-Barre,PA,12,Coal,Explosion,UG,Coal
1887-04-03,Old Savanna No. 2,Savanna,OK,18,Coal,Explosion,UG,Coal
1887-04-26,Tunnel,Ashland,PA,5,Coal,Suffocated by gas,UG,Coal
1887-09-30,Bast,Ashland,PA,5,Coal,Suffocated by gas,UG,Coal
1888-03-28,Keith & Perry No. 6,Rich Hill,MO,24,Coal,Explosion,UG,Coal
1888-11-02,Kettle Creek,Clinton Co.,PA,17,Coal,Explosion,UG,Coal
1888-11-08,Shaft No. 2,Frontenac,KS,40,Coal,Explosion,UG,Coal
1889-05-08,Kaska William,Middleport,PA,10,Coal,Mine car fell on men in cage,UG,Coal
1889-09-08,White Ash,Golden,CO,10,Coal,Inrush of water,UG,Coal
1889-11-22,Neversweat-St. Lawrence,Butte,MT,6,Copper,Fire,UG,Metal
1890-01-31,Nottingham,Plymouth,PA,8,Coal,Explosion,UG,Coal
1890-03-02,Shaft No. 3,Wilkes-Barre,PA,8,Coal,Fire,UG,Coal
1890-04-01,Susquehanna No. 4,Nanticoke,PA,5,Coal,Explosion,UG,Coal
1890-05-14,Jersey No. 8,Ashley,PA,26,Coal,Explosion,UG,Coal
1890-06-15,Hill Farm,Dunbar,PA,31,Coal,Fire,UG,Coal
1891-01-26,Mammouth,Mount Pleasant,PA,109,Coal,Explosion,UG,Coal
1891-02-03,Spring Mountain,Jeanesville,PA,9,Coal,Inrush of water,UG,Coal
1891-05-21,Pratt No. 1 Shaft,Pratt City,AL,11,Coal,Explosion,UG,Coal
1891-10-22,Richardson,Glen Carbon,PA,7,Coal,Suffocation by gas,UG,Coal
1891-11-07,Susquehanna No. 1,Nanticoke,PA,12,Coal,Explosion,UG,Coal
1892-01-06,No. 11,Krebs,OK,100,Coal,Explosion,UG,Coal
1892-04-19,Lytle,Minersville,PA,10,Coal,Inrush of water,UG,Coal
1892-05-09,Roslyn,Roslyn,WA,45,Coal,Explosion,UG,Coal
1892-07-22,York Farm,Pottsville,PA,15,Coal,Explosion,UG,Coal
1893-01-09,Como,King,CO,24,Coal,Explosion,UG,Coal
1893-02-10,Sheldon Quarry,West Rutland,VT,5,Marble,Roof fall,Surface,Stone
1893-02-13,Chicago and Iowa,Albia,IA,8,Coal,Explosion,UG,Coal
1893-03-12,Choctaw,Alderson,OK,9,Coal,Explosion,UG,Coal
1893-03-31,Neilson,Shamokin,PA,10,Coal,Fire,UG,Coal
1893-04-20,Silver Bow No. 2,Butte,MT,9,Copper,Fire,UG,Metal
1893-05-13,Red Jacket Shaft,Calumet,MI,10,Copper,Hoisting cage overwind,UG,Metal
1893-06-21,Susquehanna No. 1,Nanticoke,PA,5,Coal,Explosion,UG,Coal
1893-09-20,Lance No. 11,Plymouth,PA,6,Coal,Explosion,UG,Coal
1893-09-27,Mansfield,Crystal Falls,MI,28,Iron,Inrush of water,UG,Metal
1894-02-12,Gaylord,Plymouth,PA,13,Coal,Roof fall,UG,Coal
1894-07-16,West Slope No. 1,Stockton,PA,8,Coal,Dynamite explosion,UG,Coal
1894-08-23,Franklin,Franklin,WA,37,Coal,Fire,UG,Coal
1894-10-07,Luke Fidler,Shamokin,PA,5,Coal,Fire,UG,Coal
1894-10-10,Henry Clay,Shamokin,PA,6,Coal,Boiler explosion,UG,Coal
1894-11-19,Blanche,Standard,WA,8,Coal,Explosion,UG,Coal
1895-01-22,Tate,Sturgis,KY,5,Coal,Powder explosion,UG,Coal
1895-02-18,West Bear Ridge,Mahanoy Plane,PA,5,Coal,Explosion,UG,Coal
1895-02-27,White Ash,Cerrillos,NM,24,Coal,Explosion,UG,Coal
1895-03-10,Old Abe,White Oaks,NM,8,Gold,Fire,UG,Metal
1895-03-20,Red Canyon,Red Canyon,WY,62,Coal,Explosion,UG,Coal
1895-04-07,Blue Canyon,Lake Whatcom,WA,23,Coal,Explosion,UG,Coal
1895-08-28,Sleepy Hollow,Sleepy Hollow,CO,12,Gold,Mine flooded,UG,Metal
1895-09-06,Osceolo,Calumet,MI,30,Copper,Fire on 27th level,UG,Metal
1895-09-25,Belgian,Leadville,CO,6,Gold,Dynamite explosion,UG,Metal
1895-10-06,Dorrance,Wilkes-Barre,PA,7,Coal,Explosion,UG,Coal
1895-12-19,Cumnock,Cumnock,NC,39,Coal,Explosion,UG,Coal
1895-12-20,Nelson,Dayton,TN,28,Coal,Explosion,UG,Coal
1896-01-04,Anna Lee,El Paso County,CO,8,Gold,Cave-in of shaft,UG,Metal
1896-02-18,Vulcan,New Castle,CO,49,Coal,Explosion,UG,Coal
1896-03-23,Berwind,Dubois,PA,13,Coal,Explosion,UG,Coal
1896-04-07,Hope,Basin,MT,7,Gold,Fire,UG,Metal
1896-04-10,St. Lawrence,Butte,MT,6,Copper,Powder explosion,UG,Metal
1896-06-27,Twin Shaft,Pittston,PA,58,Coal,Roof fall,UG,Coal
1896-10-29,Shaft No. 3,South Wilkes-Barre,PA,6,Coal,Explosion,UG,Coal
1896-12-26,Oswald,Princeton,IN,7,Coal,Explosion,UG,Coal
1897-01-04,No. 1,Alderson,OK,5,Coal,Explosion,UG,Coal
1897-01-13,Wadesville,Wadesville,PA,5,Coal,Crosshead fell/shaft,UG,Coal
1897-03-04,Kansas & Texas No. 44,Huntington,AR,14,Coal,Explosion,UG,Coal
1897-06-23,Gould & Curry,Virginia City,NV,11,"Gold, Silver",Fire in shaft,UG,Metal
1897-09-02,Sunshine,Sunshine,CO,12,Coal,Explosion,UG,Coal
1897-09-19,Belle Ellen,Belle Ellen,AL,5,Coal,Fire,UG,Coal
1897-09-27,Jermyn No. 1,Rendham,PA,5,Coal,Fire,UG,Coal
1897-10-29,Von Storch,Scranton,PA,6,Coal,Fire,UG,Coal
1898-03-19,No. 2 Slope,Unknown,AL,6,Coal,Explosion,UG,Coal
1898-05-25,Kaska Williams,Middleport,PA,6,Coal,Inrush of water,UG,Coal
1898-09-22,Umpire,Brownsville,PA,8,Coal,Explosion,UG,Coal
1898-09-30,Midvale,Wilkes-Barre,PA,5,Coal,Fire,UG,Coal
1898-11-05,Exeter,West Pittston,PA,9,Coal,Cage accident,UG,Coal
1899-02-21,Blocton No. 2,Blocton,AL,5,Coal,Explosion,UG,Coal
1899-04-20,Cook & White,Madrid,NM,5,Coal,Explosion,UG,Coal
1899-05-22,Cumnock,Cumnock,NC,23,Coal,Explosion,UG,Coal
1899-07-23,Grindstone,Grindstone,PA,5,Coal,Explosion,UG,Coal
1899-12-09,Carbon Hill No. 7,Carbonado,WA,31,Coal,Explosion,UG,Coal
1899-12-23,Sumner,Sumner,PA,19,Coal,Explosion,UG,Coal
1900-03-06,Red Ash,Red Ash,WV,46,Coal,Explosion,UG,Coal
1900-04-30,Winter Quarters 1 & 4,Scofield,UT,200,Coal,Explosion,UG,Coal
1900-05-22,Cumnock,Cumnock,NC,23,Coal,Explosion,UG,Coal
1900-08-20,Issaqua No. 4,Issaquah,WA,5,Coal,Fire,UG,Coal
1900-11-09,Buck Mountain,Mahanoy City,PA,7,Coal,Explosion,UG,Coal
1901-02-25,Diamondville No. 1,Diamondville,WY,26,Coal,Fire,UG,Coal
1901-04-28,McAlester No. 5,Alderson,OK,6,Coal,Explosion,UG,Coal
1901-05-14,Chatham,Farmington,WV,10,Coal,Explosion,UG,Coal
1901-05-26,Richland,Dayton,TN,20,Coal,Explosion,UG,Coal
1901-06-03,Chapin,Iron Mtn.,MI,8,Iron,Dynamite explosion,UG,Metal
1901-06-09,Port Royal No. 2,Port Royal,PA,19,Coal,Explosion,UG,Coal
1901-09-15,Spring Gulch,Spring Gulch,CO,6,Coal,Explosion,UG,Coal
1901-10-24,Buttonwood,Plymouth,PA,6,Coal,Explosion,UG,Coal
1901-10-25,Diamondville,Diamondville,WY,22,Coal,Explosion,UG,Coal
1901-11-14,Pocahontas,Pocahontas,VA,17,Coal,Fires (11th & 14th),UG,Coal
1901-11-20,Smuggler-Union,Pandora,CO,31,"Gold, Silver",Bunk house fire,UG,Metal
1901-12-28,No. 1,Hartshorne,OK,6,Coal,Haulage,UG,Coal
1902-01-13,Milby & Dow,Dow,OK,10,Coal,Fire,UG,Coal
1902-01-24,Lost Creek No. 2,Oskaloosa,IA,20,Coal,Explosion,UG,Coal
1902-03-06,Catsburg,Monongahela,PA,5,Coal,Explosion,UG,Coal
1902-03-31,Nelson,Dayton,TN,16,Coal,Explosion,UG,Coal
1902-05-18,Fraterville,Coal Creek,TN,184,Coal,Explosion,UG,Coal
1902-07-09,Rolling Mill,Johnstown,PA,112,Coal,Explosion,UG,Coal
1902-07-14,Park-Utah,Park City,UT,34,"Lead, Zinc, Copper, Silver",Powder fumes,UG,Metal
1902-08-06,Bowen,Bowen,CO,13,Coal,Explosion,UG,Coal
1902-09-14,Algoma No. 7,Algoma,WV,17,Coal,Explosion,UG,Coal
1902-09-21,Stafford,Stafford,WV,6,Coal,Explosion,UG,Coal
1902-09-30,Lawson,Black Diamond,WA,11,Coal,Explosion,UG,Coal
1902-11-29,Luke Fidler,Shamokin,PA,7,Coal,Explosion,UG,Coal
1903-03-15,Cardiff,Cardiff,IL,5,Coal,Explosion,UG,Coal
1903-03-23,"Athens, No. 2",Athens,IL,6,Coal,Explosion,UG,Coal
1903-03-31,Sandoval,Sandoval,IL,8,Coal,Explosion,UG,Coal
1903-04-11,Central Slope 77,Carbon,OK,6,Coal,Explosion,UG,Coal
1903-06-18,"Blossburg, No. 3",Blossburg,NM,5,Coal,Explosion,UG,Coal
1903-06-29,"Hanna, No. 1",Hanna,WY,169,Coal,Explosion,UG,Coal
1903-11-06,Kearsarge,Virginia City,MT,9,Gold,Fire,UG,Metal
1903-11-20,Bonanza No. 20,Bonanza,AR,11,Coal,Explosion,UG,Coal
1903-11-21,Ferguson,Connellsville,PA,17,Coal,Explosion,UG,Coal
1904-01-25,Harwick,Cheswick,PA,179,Coal,Explosion,UG,Coal
1904-01-26,Stratton's Independence,Victor,CO,14,Gold,Cage accident,UG,Metal
1904-04-19,Stearns No. 5,Stearns,KY,5,Coal,Explosion,UG,Coal
1904-05-04,Locust Gap,Locust Gap,PA,5,Coal,Fire,UG,Coal
1904-05-10,Big Muddy,Herrin,IL,10,Coal,Explosion,UG,Coal
1904-10-27,Tercio,Terico,CO,19,Coal,Explosion,UG,Coal
1904-11-02,Auchincloss,Nanticoke,PA,10,Coal,Haulage,UG,Coal
1904-12-04,Horton,Horton,WV,7,Coal,Fire,UG,Coal
1904-12-07,No. 5,Burnett,WA,17,Coal,Explosion,UG,Coal
1905-01-16,No. 1,Decatur,IL,6,Coal,Fire,UG,Coal
1905-02-18,Lytle,Minersville,PA,5,Coal,Haulage,UG,Coal
1905-02-20,Virginia City,Virginia City,AL,112,Coal,Explosion,UG,Coal
1905-02-26,Grapevine,Wilcoe,WV,6,Coal,Explosion,UG,Coal
1905-03-09,Clear Spring,West Pittston,PA,7,Coal,Haulage,UG,Coal
1905-03-18,Rush Run & Red Ash,Red Ash,WV,24,Coal,Explosions,UG,Coal
1905-03-22,Oswald,Princeton,IN,9,Coal,Explosion,UG,Coal
1905-04-02,Zeigler,Zeigler,IL,49,Coal,Explosion,UG,Coal
1905-04-19,Cabin Creek,Kayford,WV,6,Coal,Explosion,UG,Coal
1905-04-25,Conyngham,Wilkes-Barre,PA,10,Coal,Haulage,UG,Coal
1905-04-26,Eleanora,Dubois,PA,13,Coal,Explosion,UG,Coal
1905-04-29,No. 19,Wilburton,OK,13,Coal,Explosion,UG,Coal
1905-05-11,Cora,Butte,MT,7,Copper,Explosion of explosives,UG,Metal
1905-07-04,Tidewater,Vivian,WV,5,Coal,Explosion,UG,Coal
1905-07-05,Fuller,Searight,PA,6,Coal,Explosion,UG,Coal
1905-10-12,Clyde,Fredericktown,PA,6,Coal,Fire,UG,Coal
1905-10-28,Hazel Kirk No. 2,Monongahela,PA,5,Coal,Explosion,UG,Coal
1905-11-04,Tidewater,Vivian,WV,7,Coal,Explosion,UG,Coal
1905-11-15,Braznell,Bentleyville,PA,7,Coal,Explosion,UG,Coal
1905-12-02,Diamondville No. 1,Diamondville,WY,18,Coal,Explosion,UG,Coal
1906-01-04,Coaldale,Coaldale,WV,22,Coal,Explosion,UG,Coal
1906-01-18,Detroit,Detroit,WV,18,Coal,Explosion,UG,Coal
1906-01-24,Poteau No. 6,Witteville,OK,14,Coal,Explosion,UG,Coal
1906-02-08,Parral,Parral,WV,23,Coal,Explosion,UG,Coal
1906-02-19,Maitland,Walsenburg,CO,14,Coal,Explosion,UG,Coal
1906-02-27,Little Cahaba,Piper,AL,12,Coal,Explosion,UG,Coal
1906-03-22,Century No. 1,Century,WV,23,Coal,Explosion,UG,Coal
1906-04-21,Cuatro,Tercio,CO,18,Coal,Explosion,UG,Coal
1906-06-06,Red Lodge,Red Lodge,MT,8,Coal,Fire,UG,Coal
1906-08-05,Susquehanna No. 7,Nanticoke,PA,6,Coal,Explosion,UG,Coal
1906-10-02,Pocahontas,Pocahontas,VA,36,Coal,Explosion,UG,Coal
1906-10-04,Dutchman,Blossburg,NM,10,Coal,Explosion,UG,Coal
1906-10-23,Rolling Mill,Johnstown,PA,7,Coal,Explosion,UG,Coal
1906-11-03,San Toy No. 1,San Toy,OH,5,Coal,Haulage,UG,Coal
1906-12-22,Breese-Trenton,Breese,IL,6,Coal,Haulage,UG,Coal
1907-01-14,Deering No. 7,Clinton,IN,7,Coal,Explosion,UG,Coal
1907-01-23,Primero,Primero,CO,24,Coal,Explosion,UG,Coal
1907-01-26,Lorentz,Penco,WV,12,Coal,Explosion,UG,Coal
1907-01-29,Stuart,Stuart,WV,84,Coal,Explosion,UG,Coal
1907-02-04,Thomas No. 25,Thomas,WV,25,Coal,Explosion,UG,Coal
1907-03-02,Holden,Taylor,PA,7,Coal,Explosion,UG,Coal
1907-03-16,Bond & Bruce,Tacoma,VA,11,Coal,Explosion,UG,Coal
1907-04-25,Morgan,Black Diamond,WA,7,Coal,Explosion,UG,Coal
1907-04-30,Whipple,Scarboro,WV,16,Coal,Explosion,UG,Coal
1907-05-18,Engleville,Engleville,CO,5,Coal,Fire,UG,Coal
1907-06-17,Johnson No. 1,Priceburg,PA,7,Coal,Explosion,UG,Coal
1907-08-16,Sonman,Sonman,PA,5,Coal,Haulage,UG,Coal
1907-11-30,Fremont Consolidated,Drytown,CA,11,Gold,Fire at foot of shaft,UG,Metal
1907-12-01,Naomi,Fayette City,PA,34,Coal,Explosion,UG,Coal
1907-12-06,Monongah No. 6 and 8,Monongah,WV,362,Coal,Explosions,UG,Coal
1907-12-07,Rolling Mill Mine,Negaunee,MI,10,Iron,Fall of skip,UG,Metal
1907-12-16,Yolande,Yolande,AL,57,Coal,Explosion,UG,Coal
1907-12-19,Darr,Van Meter,PA,239,Coal,Explosion,UG,Coal
1907-12-31,Bernal,Carthage,NM,11,Coal,Explosion,UG,Coal
1908-01-30,Backman,Hawks Nest,WV,9,Coal,Explosion,UG,Coal
1908-02-10,Moody,South Carrolton,KY,9,Coal,Explosion,UG,Coal
1908-03-28,Hanna No. 1,Hanna,WY,59,Coal,Explosion,UG,Coal
1908-05-11,Mount Lookout,Wyoming,PA,12,Coal,Explosion,UG,Coal
1908-05-12,Prospect,Wilkes-Barre,PA,5,Coal,Roof fall/bump,UG,Coal
1908-07-14,Williamstown,Williamstown,PA,6,Coal,Explosion,UG,Coal
1908-08-25,Hailey-Okla. No. 1,Haileyville,OK,29,Coal,Fire,UG,Coal
1908-08-27,Warrior Run,Wilkes-Barre,PA,6,Coal,Haulage,UG,Coal
1908-11-16,Pratt No. 3,Ensley,AL,8,Coal,Fire,UG,Coal
1908-11-20,Red Lodge,Red Lodge,MT,9,Coal,Fire,UG,Coal
1908-11-28,Rachel and Agnes,Marianna,PA,154,Coal,Explosion,UG,Coal
1908-12-29,Lick Branch,Switchback,WV,50,Coal,Explosion,UG,Coal
1909-01-10,Zeigler,Zeigler,IL,26,Coal,Explosion,UG,Coal
1909-01-10,Carbon Hill,Gayton,VA,6,Coal,Explosion,UG,Coal
1909-01-12,Lick Branch,Switchback,WV,67,Coal,Explosion,UG,Coal
1909-01-19,Stone Canyon,Chancellor,CA,6,Coal,Explosion,UG,Coal
1909-01-25,Washington No. 5,Franklin,MD,5,Coal,Haulage,UG,Coal
1909-01-25,Orenda No. 2,Boswell,PA,5,Coal,Explosion,UG,Coal
1909-02-02,Short Creek,Short Creek,AL,18,Coal,Explosion,UG,Coal
1909-02-26,Keystone,Joplin,MO,5,Lead,Fall of rock,UG,Metal
1909-03-02,No. 14,Pittston,PA,8,Coal,Explosion,UG,Coal
1909-03-20,Sunnyside,Evansville,IN,6,Coal,Explosion,UG,Coal
1909-03-31,Echo,Buery,WV,6,Coal,Explosion,UG,Coal
1909-04-08,Eureka No. 37,Wimber,PA,7,Coal,Explosion,UG,Coal
1909-04-12,Slate Quarry,Granville,NY,5,Slate,Cave-in,Surface,Stone
1909-06-22,Lackawanna No. 4,Wehrum,PA,21,Coal,Explosion,UG,Coal
1909-07-05,Toller,Tollerville,CO,9,Coal,Explosion,UG,Coal
1909-10-02,Northwestern,Roslyn,WA,10,Coal,Explosion,UG,Coal
1909-10-20,Rock Island No. 8,Hartshorne,OK,10,Coal,Explosion,UG,Coal
1909-10-30,Franklin No. 2,Johnstown,PA,13,Coal,Explosion,UG,Coal
1909-11-09,Auchincloss,Nanticoke,PA,9,Coal,Fire,UG,Coal
1909-11-13,Cherry,Cherry,IL,259,Coal,Fire,UG,Coal
1909-12-11,Baker No. 5,Clay,KY,7,Coal,Explosion,UG,Coal
1909-12-23,Mine A,Herrin,IL,8,Coal,Explosion,UG,Coal
1910-01-11,Nottingham,Plymouth,PA,7,Coal,Explosion,UG,Coal
1910-01-31,Primero,Primero,CO,75,Coal,Explosion,UG,Coal
1910-02-01,Browder,Browder,KY,34,Coal,Explosion,UG,Coal
1910-02-05,Ernest No. 2,Ernest,PA,12,Coal,Explosion,UG,Coal
1910-02-08,Barthell No. 1,Stearns,KY,6,Coal,Explosion,UG,Coal
1910-03-02,Alaska-Mexican,Treadwell,AK,37,Gold,Explosion of powder,Surface,Metal
1910-03-12,South Wilkes-Barre No. 5,South Wilkes-Barre,PA,7,Coal,Explosion,UG,Coal
1910-03-31,Great Western No. 2,Wilburton,OK,6,Coal,Explosion,UG,Coal
1910-04-12,Limestone Quarry,Nazareth,PA,11,Limestone,Quarry explosion,Surface,Stone
1910-04-19,Mulga,Mulga,AL,40,Coal,Explosion,UG,Coal
1910-04-20,Amsterdam,Amsterdam,OH,15,Coal,Explosion,UG,Coal
1910-05-04,Palos No. 3,Palos,AL,84,Coal,Explosion,UG,Coal
1910-05-31,Union Quarry,Devils Slide,UT,25,Limestone,Quarry explosion,Surface,Stone
1910-06-01,Lehigh Quarry,West Coplay,PA,8,Limestone,Quarry explosion,Surface,Stone
1910-06-06,Richard,Dover,NJ,5,Iron,Falling from man-car,UG,Metal
1910-10-07,Starkville,Starkville,CO,56,Coal,Explosion,UG,Coal
1910-11-03,Yolande No. 1,Yolande,AL,5,Coal,Explosion,UG,Coal
1910-11-06,Lawson,Black Diamond,WA,16,Coal,Explosion,UG,Coal
1910-11-08,Victor American No. 3,Delagua,CO,79,Coal,Explosion,UG,Coal
1910-11-11,Shoal Creek No. 1,Panama,IL,6,Coal,Explosion,UG,Coal
1910-11-25,Providence No. 3,Providence,KY,10,Coal,Explosion,UG,Coal
1910-11-28,Jumbo,Durant,OK,13,Asphalt,Explosion of gas,UG,NonMetal
1910-12-14,Leyden,Leyden,CO,10,Coal,Fire,UG,Coal
1910-12-14,Greeno,Tacoma,VA,8,Coal,Explosion,UG,Coal
1910-12-31,Lick Fork,Thacker,WV,10,Coal,Haulage,UG,Coal
1911-01-18,Keating,Radersburg,MT,6,Gold,Powder explosion,UG,Metal
1911-01-20,Carbon Hill,Carbon Hill,VA,7,Coal,Explosion,UG,Coal
1911-02-09,Cokedale,Trinidad,CO,17,Coal,Explosion,UG,Coal
1911-02-23,Belmont,Tonopah,NV,17,"Gold, Silver","Fire, asphyxiation",UG,Metal
1911-03-11,Norman Mine (open pit),Virginia,MN,14,Iron,Slide of bank,Surface,Metal
1911-03-18,No. 16,Mineral,KS,5,Coal,Explosion,UG,Coal
1911-03-22,Hazel,Canonsburg,PA,9,Coal,Haulage,UG,Coal
1911-04-06,Price-Pancoast,Troop,PA,73,Coal,Fire,UG,Coal
1911-04-07,Banner,Littleton,AL,128,Coal,Explosion,UG,Coal
1911-04-23,Ott No. 20,Elk Garden,WV,23,Coal,Explosion,UG,Coal
1911-05-04,Hartford-Cambria No. 2,Negaunee,MI,7,Iron,Fire,UG,Metal
1911-05-09,Boston,Larksville,PA,5,Coal,Fire,UG,Coal
1911-05-26,Cameron,Shamokin,PA,5,Coal,Explosion,UG,Coal
1911-07-14,Sykesville,Syskesville,PA,21,Coal,Explosion,UG,Coal
1911-07-31,Standard,Welch,WV,6,Coal,Explosion,UG,Coal
1911-08-22,Giroux,Ely,NV,7,Copper,Fire,UG,Metal
1911-09-02,Butte & Superior,Butte,MT,6,Zinc,Cage accident,UG,NonMetal
1911-10-02,Drifton,Freeland,PA,5,Coal,Suffocation,UG,Coal
1911-10-18,Wharton,Hibernia,NJ,12,Iron,Shaft flooded,UG ,Metal
1911-10-22,O'Gara No. 9,Harrisburg,IL,8,Coal,Explosion,UG,Coal
1911-11-09,Adrian,Punxsutawney,PA,8,Coal,Explosion,UG,Coal
1911-11-18,Bottom Creek,Vivian,WV,18,Coal,Explosion,UG,Coal
1911-12-09,Cross Mountain,Briceville,TN,84,Coal,Explosion,UG,Coal
1912-01-09,Parrish,Plymouth,PA,6,Coal,Explosion,UG,Coal
1912-01-16,Carbon Hill,Carbon Hill,VA,5,Coal,Explosion,UG,Coal
1912-01-19,Central,Central City,KY,5,Coal,Explosion,UG,Coal
1912-01-20,Kemmerer No. 4,Kemmerer,WY,6,Coal,Explosion,UG,Coal
1912-02-22,Western No. 5,Lehigh,OK,9,Coal,Fire,UG,Coal
1912-03-20,San Bois No. 2,McCurtain,OK,73,Coal,Explosion,UG,Coal
1912-03-26,Jed,Jed,WV,81,Coal,Explosion,UG,Coal
1912-04-20,Coil,Madisonville,KY,5,Coal,Explosion,UG,Coal
1912-05-12,Norrie,Ironwood,MI,7,Iron,Cave-in,UG,Metal
1912-06-17,Hastings,Hastings,CO,12,Coal,Explosion,UG,Coal
1912-07-06,Eureka Pit,Ely,NV,10,Copper,Dynamite explosion,UG,Metal
1912-07-10,Panama,Moundsville,WV,8,Coal,Explosion,UG,Coal
1912-07-15,Carbon Hill,Gayton,VA,8,Coal,Explosion,UG,Coal
1912-07-23,Superba and Lemont,Evans Station,PA,18,Coal,Inundation,UG,Coal
1912-08-12,Abernant,Abernant,AL,18,Coal,Explosion,UG,Coal
1912-12-09,Great Northern Development Co.,Cordova,AK,9,Gold,Snowslide,Surface,Metal
1913-02-19,Seagraves,Eldorado,IL,5,Coal,Explosion,UG,Coal
1913-04-16,Miami,Miami,AZ,5,Copper,Air blast due to cave-in,UG,Metal
1913-04-22,Leonard,Butte,MT,5,Copper,Hoisting accident,UG,Metal
1913-04-22,Cincinnati,Finleyville,PA,98,Coal,Explosion,UG,Coal
1913-05-05,Taylor Mine,Beaver Dam,KY,5,Coal,Suffocation,UG,Coal
1913-05-16,Noble,Belle Valley,OH,15,Coal,Explosion,UG,Coal
1913-08-01,East Brookside,Tower City,PA,20,Coal,Explosion,UG,Coal
1913-08-12,Coronado Incline,Clifton,AZ,9,Copper,Breaking drawbar,UG,Metal
1913-10-21,Stag Canon No. 2,Dawson,NM,263,Coal,Explosion,UG,Coal
1913-11-18,Acton No. 2,Acton,AL,24,Coal,Explosion,UG,Coal
1913-12-16,Vulcan,New Castle,CO,37,Coal,Explosion,UG,Coal
1914-01-10,Rock Castle,Rock Castle,AL,12,Coal,Explosion,UG,Coal
1914-01-14,No. 7,Mulberry,KS,6,Coal,Haulage,UG,Coal
1914-01-21,Boston,Bingham,UT,5,Copper,Fire,UG,Metal
1914-04-27,Eccles No. 5 & No. 6,Eccles,WV,181,Coal,Explosion,UG,Coal
1914-04-29,No. 2,Cumberland,WY,5,Coal,Haulage,UG,Coal
1914-05-28,Maryd,Maryd,PA,6,Coal,Haulage,UG,Coal
1914-06-29,No. 1,Cinderella,WV,5,Coal,Fire,UG,Coal
1914-07-13,Balkan,Palatka,MI,7,Iron,Rush of water in raise,Surface,Metal
1914-08-03,Copper Flat (Steam Shovel Pit),McGill,NV,5,Copper,Premature blast,Surface,Metal
1914-09-03,No. 1,Adamson,OK,13,Coal,Roof fall/bump,UG,Coal
1914-09-15,Lehigh No. 4,Lansford,PA,7,Coal,Explosion,UG,Coal
1914-09-16,Centennial-Eureka,Eureka,UT,11,Gold,Cave-in,UG,Metal
1914-10-04,Mulga,Mulga,AL,16,Coal,Explosion,UG,Coal
1914-10-27,North or No. 1,Royalton,IL,52,Coal,Explosion,UG,Coal
1914-11-09,Sibley No. 9 Shaft,Ely,MN,5,Iron,Shaft cave-in,UG,Metal
1914-12-09,Tripp,Scranton,PA,13,Coal,Haulage,UG,Coal
1915-02-06,Carlisle,Carlisle,WV,21,Coal,Explosion,UG,Coal
1915-02-17,Prospect,Wilkes-Barre,PA,13,Coal,Explosion,UG,Coal
1915-02-18,New Home No. 2,Rich Hill,MO,5,Coal,Explosion,UG,Coal
1915-03-02,Layland No. 3,Layland,WV,115,Coal,Explosion,UG,Coal
1915-04-04,Shoal Creek,Panama,IL,11,Coal,Explosion,UG,Coal
1915-05-23,Smokeless Valley No. 1,Johnstown,PA,9,Coal,Explosion,UG,Coal
1915-07-26,United Coal No. 1,Christopher,IL,9,Coal,Explosion,UG,Coal
1915-07-29,Patterson No. 2,Elizabeth,PA,9,Coal,Haulage,UG,Coal
1915-08-30,Orenda,Boswell,PA,19,Coal,Explosion,UG,Coal
1915-10-18,Granite Mountain Shaft,Butte,MT,16,Copper,Dynamite explosion,UG,Metal
1915-11-16,Northwestern,Ravensdale,WA,31,Coal,Explosion,UG,Coal
1915-11-30,Boomer No. 2,Boomer,WV,23,Coal,Explosion,UG,Coal
1916-02-08,Lance,Plymouth,PA,7,Coal,Explosion,UG,Coal
1916-02-11,Ernest No. 2,Ernest,PA,27,Coal,Explosion,UG,Coal
1916-02-14,Pennsylvania,Butte,MT,21,Copper,Fire,UG,Metal
1916-02-29,Davis No. 42,Kempton,MD,16,Coal,Explosion,UG,Coal
1916-03-09,Hollenback,Wilkes-Barre,PA,6,Coal,Explosion,UG,Coal
1916-03-28,King,Kimball,WV,10,Coal,Explosion,UG,Coal
1916-03-30,Robindale,Seward,PA,8,Coal,Explosion,UG,Coal
1916-08-07,Woodward,Wilkes-Barre,PA,6,Coal,Explosion,UG,Coal
1916-10-18,Jamison No. 7,Barrackville,WV,11,Coal,Explosion,UG,Coal
1916-10-21,Roden,Marvel,AL,18,Coal,Explosion,UG,Coal
1916-11-04,Bessie,Palos,AL,30,Coal,Explosion,UG,Coal
1916-11-18,Ocean Mine,Greensbury,PA,8,Coal,Roof fall,UG,Coal
1916-12-13,Fidelity No. 9,Stone City,KS,20,Coal,Explosion,UG,Coal
1917-02-25,North Star,Hailey,ID,16,"Gold, Lead, Silver, Zinc",Snowslide,Surface,Metal
1917-03-13,Henderson No. 1,Hendersonville,PA,14,Coal,Explosion,UG,Coal
1917-04-17,Lynden,Mason,WV,5,Coal,Explosives,UG,Coal
1917-04-26,Hastings,Hastings,CO,121,Coal,Explosion,UG,Coal
1917-04-27,Mountain King,Mariposa Co.,CA,7,Gold,Powder Fumes/Suffocation,UG,Metal
1917-06-01,Rend No. 2,Herrin,IL,9,Coal,Explosion,UG,Coal
1917-06-07,Granite Mountain,Butte,MT,163,Copper,Fire,UG,Metal
1917-06-12,Banner,Banner,AL,6,Coal,Explosion,UG,Coal
1917-07-16,Three Forks Quarry,Trident,MT,8,Gypsum,Powder explosion,Surface,Stone
1917-08-03,West Kentucky No. 7,Clay,KY,62,Coal,Explosion,UG,Coal
1917-09-16,Orient,Orient,IL,5,Coal,Haulage,UG,Coal
1917-11-29,Old Ben No. 11,Christopher,IL,18,Coal,Explosion,UG,Coal
1917-12-15,Yukon No. 1,Bluefield,WV,18,Coal,Explosion,UG,Coal
1917-12-17,Wilkeson,Wilkeson,WA,6,Coal,Inundation,UG,Coal
1917-12-20,No. 3,Catoosa,TN,11,Coal,Explosion,UG,Coal
1918-02-21,Amasa-Porter,Crystal Falls,MI,17,Iron,Cave-in by water,UG,Metal
1918-05-20,Villa,Villa,WV,13,Coal,Fire,UG,Coal
1918-06-27,Silver (open pit),Virginia,MN,18,Iron,Powder explosion,Surface,Metal
1918-08-07,Hamar,Harmarville,PA,8,Coal,Explosion,UG,Coal
1918-08-28,Burnett,Burnett,WA,12,Coal,Explosion,UG,Coal
1918-09-28,North,Royalton,IL,21,Coal,Explosion,UG,Coal
1919-03-31,Empire,Aguilar,CO,13,Coal,Explosion,UG,Coal
1919-04-29,Majestic,Majestic,AL,22,Coal,Explosion,UG,Coal
1919-06-05,Baltimore Tunnel #2,Wilkes-Barre,PA,92,Coal,Explosives,UG,Coal
1919-06-30,Alderson No. 5,Alderson,OK,15,Coal,Explosion,UG,Coal
1919-07-08,Lansford Colliery,Lansford,PA,8,Coal,Explosion,UG,Coal
1919-07-18,Carswell,Kimball,WV,6,Coal,Explosion,UG,Coal
1919-07-25,Hecla,Burke,ID,5,Lead,Cage accident,UG,Metal
1919-08-06,Weirwood,Weirwood,WV,7,Coal,Explosion,UG,Coal
1919-08-18,Oakdale,LaVeta,CO,18,Coal,Explosion,UG,Coal
1919-10-29,No. 2,Amsterdam,OH,20,Coal,Fire,UG,Coal
1919-12-03,No. 3,Jacksonville,IN,6,Coal,Explosion,UG,Coal
1920-04-13,Stag Canon Nos. 1 & 6,Dawson,NM,5,Coal,Explosion,UG,Coal
1920-04-14,Jefferson Island,Delcambre,LA,6,Salt,Gas explosion,UG,NonMetal
1920-04-18,Lehigh Quarry,Ormrod,PA,6,Limestone,Explosives,Surface,NonMetal
1920-05-03,Submarine,Clinton,IN,5,Coal,Explosion,UG,Coal
1920-05-22,Mallory No. 3,Mallory,WV,5,Coal,Roof fall/bump,UG,Coal
1920-06-02,Ontario,Cokeburg,PA,6,Coal,Explosion,UG,Coal
1920-07-19,Renton No. 3,Renton,PA,9,Coal,Explosion,UG,Coal
1920-07-26,No. 6,Sublet,WY,8,Coal,Exposives,UG,Coal
1920-08-13,Pounding Mills Quarry,Pounding Mills,VA,9,Rock,Explosives,Surface,NonMetal
1920-08-21,No. 19,Degnan,OK,10,Coal,Explosion,UG,Coal
1920-11-16,Arnold,Earlington,KY,6,Coal,Fire,UG,Coal
1920-11-23,Parrish,Parrish,AL,12,Coal,Explosion,UG,Coal
1921-02-12,Moffat Nos. 1 & 2,Oak Hill,CO,5,Coal,Explosion,UG,Coal
1921-02-23,Kathleen,Dowell,IL,7,Coal,Fire,UG,Coal
1921-03-09,Rahn No. 11,Seek,PA,5,Coal,Explosion,UG,Coal
1921-08-31,Harco,Harrisburg,IL,12,Coal,Explosion,UG,Coal
1921-12-13,Satanic,Morrison,CO,6,Coal,Fire,UG,Coal
1922-01-30,Layman,Hulen,KY,6,Coal,Explosion,UG,Coal
1922-02-02,Gates No. 2,Gates,PA,25,Coal,Explosion,UG,Coal
1922-02-02,Belle Ellen No. 2,Belle Ellen,AL,9,Coal,Explosion,UG,Coal
1922-02-07,Marietta,Pinson Fork,KY,9,Coal,Explosion,UG,Coal
1922-03-20,Dilltown No. 1,Dilltown,PA,5,Coal,Explosion,UG,Coal
1922-03-24,Sopris No. 2,Sopris,CO,17,Coal,Explosion,UG,Coal
1922-05-25,Acmar No. 3,Acmar,AL,11,Coal,Explosion,UG,Coal
1922-06-25,Central Coal & Coke,Huntington,AR,5,Coal,Suffocation,UG,Coal
1922-06-27,Holston Quarry,Strawplains,TN,9,Marble,Explosion,UG,Coal
1922-08-27,Argonaut,Jackson,CA,47,Gold,Fire,UG,Metal
1922-09-22,Raleigh-Wyoming #2,Glen Rogers,WV,5,Coal,Haulage,UG,Coal
1922-09-28,Lake Creek,Johnston City,IL,5,Coal,Explosion,UG,Coal
1922-10-10,No. 11 Progressive,McCurtain,OK,8,Coal,Explosion,UG,Coal
1922-11-05,#4 Anthracite Mine,Madrid,NM,7,Coal,Explosion,UG,Coal
1922-11-06,Reilly No. 1,Spangler,PA,79,Coal,Explosion,UG,Coal
1922-11-22,Dolomite No. 3,Dolomite,AL,90,Coal,Explosion,UG,Coal
1922-11-25,No. 4,Cerillos,NM,12,Coal,Explosion,UG,Coal
1923-01-10,Dolomite No. 1,Dolomite,AL,5,Coal,Explosion,UG,Coal
1923-02-08,Stag Canon No. 1,Dawson,MN,120,Coal,Explosion,UG,Coal
1923-02-21,Alliance,Kaska,PA,5,Coal,Explosion,UG,Coal
1923-03-02,Arista,Arista,WV,10,Coal,Explosion,UG,Coal
1923-05-04,Southwestern,Aguilar,CO,10,Coal,Explosion,UG,Coal
1923-06-26,Richards Colliery,Mount Carmel,PA,5,Coal,Explosion,UG,Coal
1923-07-12,Sloss No. 1,Bessemer,AL,5,Iron,Haulage - man-trip,UG,Metal
1923-08-14,Frontier No. 1,Kemmerer,WY,99,Coal,Explosion,UG,Coal
1923-10-06,Midwest,Palisades,CO,6,Coal,Explosion,UG,Coal
1923-11-06,Glen Rogers,Beckley,WV,27,Coal,Explosion,UG,Coal
1923-12-07,Black Hawk,"Happy, Perry Co.",KY,9,Coal,Explosion,UG,Coal
1923-12-08,Mount Jessup No. 1,Jessup,PA,5,Coal,Roof fall/bump,UG,Coal
1924-01-25,McClintock,Johnston City,IL,33,Coal,Explosion,UG,Coal
1924-01-26,Lancashire No. 18,Shanktown,PA,36,Coal,Explosion,UG,Coal
1924-02-05,Milford,Crosby,MN,41,Manganiferous iron ore,Inrush of water,UG,Metal
1924-03-08,No. 2,Castle Gate,UT,172,Coal,Explosion,UG,Coal
1924-03-28,Yukon No. 2,Yukon,WV,26,Coal,Explosion,UG,Coal
1924-04-27,Benwood,Benwood,WV,119,Coal,Explosion,UG,Coal
1924-06-06,Loomis Colleries,Nanticoke,PA,14,Coal,Explosion,UG,Coal
1924-07-25,Gates No. 1,Brownsville,PA,10,Coal,Explosion,UG,Coal
1924-09-16,Sublet No. 5,Sublet,WY,39,Coal,Explosion,UG,Coal
1924-09-21,Rains,Rains,UT,5,Coal,Explosion,UG,Coal
1924-12-17,Burnett,Burnett,WA,7,Coal,Explosion,UG,Coal
1925-01-15,Diamond No. 1,Providence,KY,6,Coal,Explosion,UG,Coal
1925-02-20,City,Sullivan,IN,52,Coal,Explosion,UG,Coal
1925-03-17,Barrackville,Barrackville,WV,33,Coal,Explosion,UG,Coal
1925-04-25,Hutchison,Millgrove,PA,5,Coal,Explosion,UG,Coal
1925-04-25,New Slope,Sewickley,PA,5,Coal,Explosion,UG,Coal
1925-05-22,Woodward,Edwardsville,PA,7,Coal,Explosion,UG,Coal
1925-05-27,Carolina,Farmville,NC,53,Coal,Explosion,UG,Coal
1925-05-31,No. 2,Piper,AL,6,Coal,Explosion,UG,Coal
1925-06-08,No. 9,Sturgis,KY,17,Coal,Explosion,UG,Coal
1925-07-23,Rockwood,Rockwood,TN,10,Coal,Explosion,UG,Coal
1925-08-03,Dorrance,Wilkes-Barre,PA,10,Coal,Explosion,UG,Coal
1925-11-13,Finley,Madisonville,KY,5,Coal,Explosion,UG,Coal
1925-12-10,Overton No. 2,Irondale,AL,53,Coal,Explosion,UG,Coal
1925-12-14,Wilkeson,Tacoma,WA,5,Coal,Explosion,UG,Coal
1925-12-22,Webb,Bellaire,OH,9,Coal,Fire,UG,Coal
1926-01-13,No. 21,Wilburton,OK,91,Coal,Explosion,UG,Coal
1926-01-14,Jamison No. 8,Farmington,WV,19,Coal,Explosion,UG,Coal
1926-01-29,New Orient No. 2,West Frankfort,IL,5,Coal,Explosion,UG,Coal
1926-01-29,Mossboro No. 1,Helena,AL,27,Coal,Explosion,UG,Coal
1926-02-03,Horning No. 4,Horning,PA,20,Coal,Explosion,UG,Coal
1926-02-16,Nelson,Nelson,KY,8,Coal,Explosion,UG,Coal
1926-03-08,Eccles No. 5,Eccles,WV,19,Coal,Explosion,UG,Coal
1926-05-06,Randolph Colliery,Port Carbon,PA,5,Coal,Explosion,UG,Coal
1926-07-03,Pettebone Colliery # 6,Kingston,PA,7,Coal,Explosion,UG,Coal
1926-07-21,Dixie,Moffat,AL,9,Coal,Explosion,UG,Coal
1926-08-26,Clymer No. 1,Clymer,PA,44,Coal,Explosion,UG,Coal
1926-09-03,Tahona,Tahona,OK,16,Coal,Explosion,UG,Coal
1926-10-03,Rockwood,Rockwood,TN,27,Coal,Explosion,UG,Coal
1926-10-29,Colliery No. 7,Nanticoke,PA,9,Coal,Explosion,UG,Coal
1926-11-03,Barnes Hecker,Ishpeming,MI,51,Iron,Flood,UG,Metal
1926-11-15,Mound,Moundsville,WV,5,Coal,Explosion,UG,Coal
1926-12-09,Francisco No. 2,Francisco,IN,37,Coal,Explosion,UG,Coal
1927-01-31,Nortonville Mining,Nortonville,KY,5,Coal,Explosion,UG,Coal
1927-03-30,Saline No. 2,Ledford,IL,8,Coal,Explosion,UG,Coal
1927-04-02,No. 53,Cokeburg,PA,6,Coal,Explosion,UG,Coal
1927-04-07,Carbonado,Carbonado,WA,7,Coal,Inundation,UG,Coal
1927-04-29,Federal No. 3,Everettville,WV,97,Coal,Explosion,UG,Coal
1927-05-13,Shanon Branch No. 3,Caples,WV,8,Coal,Explosion,UG,Coal
1927-05-26,Woodward No. 3,Edwardsville,PA,7,Coal,Explosion,UG,Coal
1927-05-27,Delagua,Delagua,CO,7,Coal,Explosion,UG,Coal
1927-08-03,West Kentucky No. 7,Clay,KY,15,Coal,Explosion,UG,Coal
1927-10-28,Quincy Mine No. 2 Shaft,Hancock,MI,7,Copper,Fall of rock in shaft,UG,Metal
1927-11-24,Magma,Superior,AZ,7,Copper,Shaft fire,UG,Metal
1927-12-20,Franco No. 1,Johnston City,IL,7,Coal,Explosion,UG,Coal
1928-01-09,No. 18,West Frankfort,IL,21,Coal,Explosion,UG,Coal
1928-02-20,Kinloch,Parnassus,PA,12,Coal,Explosion,UG,Coal
1928-02-24,Mama No. 3,Jenny Lind,AR,13,Coal,Explosion,UG,Coal
1928-04-01,Keystone No. 2,Keystone,WV,8,Coal,Explosion,UG,Coal
1928-05-19,Mather No. 1,Mather,PA,195,Coal,Explosion,UG,Coal
1928-05-22,No. 30,Kenvir,KY,8,Coal,Explosion,UG,Coal
1928-05-22,No. 1,Yukon,WV,17,Coal,Explosion,UG,Coal
1928-05-25,Baltimore No. 5,Parsons,PA,10,Coal,Explosion,UG,Coal
1928-06-20,No. 1,National,WV,6,Coal,Explosion,UG,Coal
1928-08-09,Hillside,Johnstown,PA,5,Coal,Explosion,UG,Coal
1928-08-15,Irvons No. 3,Coalport,PA,13,Coal,Explosion,UG,Coal
1928-10-21,McAlpin,McAlpin,WV,6,Coal,Explosion,UG,Coal
1928-11-30,Princess Poca,Roderfield,WV,6,Coal,Explosion,UG,Coal
1928-12-18,No. 2,Drakesboro,KY,6,Coal,Explosion,UG,Coal
1929-01-26,Kingston No. 5,Kingston,WV,14,Coal,Explosion,UG,Coal
1929-02-28,Stone Mountain Quarry,Decature,GA,7,Granite,Explosion of air receiver,Surface,Stone
1929-03-21,Kinloch,Parnassus,PA,46,Coal,Explosion,UG,Coal
1929-05-27,Connellsville,Yolande,AL,10,Coal,Explosion,UG,Coal
1929-06-05,Halcon,Wise,VA,5,Coal,Roof fall/bump,UG,Coal
1929-09-04,Calaveras,Copperapolis,CA,5,Copper,Cave-in,UG,Metal
1929-09-27,Covington,Tahona,OK,8,Coal,Explosion,UG,Coal
1929-12-01,Old Ben No. 8,West Frankfort,IL,7,Coal,Explosion,UG,Coal
1929-12-17,Old Town,McAlester,OK,61,Coal,Explosion,UG,Coal
1930-01-13,Peerless,Straven,AL,7,Coal,Explosion,UG,Coal
1930-01-19,No. 1,Lillybrook,WV,8,Coal,Explosion,UG,Coal
1930-02-06,Standard,Standardville,UT,23,Coal,Explosion,UG,Coal
1930-03-08,New Peerless,Lynn,UT,5,Coal,Explosion,UG,Coal
1930-03-26,Yukon,Arnettsville,WV,12,Coal,Explosion,UG,Coal
1930-03-30,Pioneer,Kettle Island,KY,16,Coal,Explosion,UG,Coal
1930-04-11,Carbonado,Carbonado,WA,17,Coal,Explosion,UG,Coal
1930-05-17,Terry and Butterskill Quarry,Union,WV,6,Rock,Explosives,Surface,Stone
1930-06-07,"Climax Mine, Fremont Pass",Lake County,CO,5,Molybdenum,Cave-in stope,UG,Metal
1930-07-14,Glenn,"Lost Chance, Placer County",CA,5,Gold,Fire,UG,Metal
1930-08-08,Gilberton,Gilberton,PA,8,Coal,Roof fall/bump,UG,Coal
1930-10-27,Wheatley No. 4,McAlester,OK,30,Coal,Explosion,UG,Coal
1930-11-05,No. 6,Millfield,OH,82,Coal,Explosion,UG,Coal
1930-11-29,Lutie No. 5,Lutie,OK,15,Coal,Explosion,UG,Coal
1930-12-06,Lamb,Madrid,NM,5,Coal,Explosion,UG,Coal
1931-01-03,Midvale No. 4,Midvale,OH,5,Coal,Explosion,UG,Coal
1931-01-06,No. 2,Glen Rogers,WV,8,Coal,Explosion,UG,Coal
1931-01-28,Little Betty,Dugger,IN,28,Coal,Explosion,UG,Coal
1931-05-29,Richards Colliery,Mount Carmel,PA,5,Coal,Explosion,UG,Coal
1931-11-03,No. 20,Holden,WV,5,Coal,Explosion,UG,Coal
1931-12-28,Overton No. 1,Irondale,AL,5,Coal,Explosion,UG,Coal
1932-01-18,Parrott,Parrott,VA,6,Coal,Explosion,UG,Coal
1932-02-27,Boissevain,Boissevain,VA,38,Coal,Explosion,UG,Coal
1932-06-13,Splashdam No. 6,Splashdam,VA,10,Coal,Explosion,UG,Coal
1932-12-07,Morgan-Jones,Madrid,NM,14,Coal,Explosion,UG,Coal
1932-12-09,Zero,Yancey,KY,23,Coal,Explosion,UG,Coal
1932-12-24,Moweaqua,Moweaqua,IL,54,Coal,Explosion,UG,Coal
1933-02-08,B & C Quarry,Fletcher,NC,7,Limestone,Fall and slide,Surface,Stone
1933-09-11,Oakmont,Barking,PA,7,Coal,Explosion,UG,Coal
1934-03-12,No. 10,Wheatcroft,KY,5,Coal,Fire,UG,Coal
1934-08-06,Derby No. 3,Big Stone Gap,VA,17,Coal,Explosion,UG,Coal
1934-11-12,Rohl Connolly Quarry,Avalon,CA,9,Granite,Explosives,UG,Stone
1935-01-21,Gilberton,Gilberton,PA,13,Coal,Explosion,UG,Coal
1935-05-07,South Wilkes Barre,Wilkes-Barre,PA,7,Coal,Haulage,UG,Coal
1935-05-11,No. 41,Barrackville,WV,6,Coal,Fire,UG,Coal
1935-07-17,No. 155,Van Lear,KY,9,Coal,Explosion,UG,Coal
1936-01-20,Monarch No. 2,Broomfield,CO,8,Coal,Explosion,UG,Coal
1936-08-01,Kathleen,Dowell,IL,9,Coal,Fire,UG,Coal
1936-08-13,Mountain City Copper Co.,"Mountain City, Elko County",NV,6,Copper,Suffocation,UG,Metal
1936-08-24,Clear Spring,West Pittston,PA,5,Coal,Explosion,UG,Coal
1936-09-02,Macbeth,Macbeth,WV,10,Coal,Explosion,UG,Coal
1936-10-05,Morning Mine,Mullan,ID,10,Lead,Cage fall (shaft),UG,Metal
1936-11-19,Bates,Bates,AR,5,Coal,Explosion,UG,Coal
1936-11-30,Funkhouser Quarry,Delta,PA,9,Slate,Explosives,Surface,Stone
1937-02-19,Walker,Walkermine,CA,6,Copper,Explosives,UG,Metal
1937-03-11,Macbeth,Macbeth,WV,18,Coal,Explosion,UG,Coal
1937-03-28,Kramer,Dubois,PA,9,Coal,Explosion,UG,Coal
1937-06-21,Rupert Mine,Keystone,OH,6,Coal,Explosives,UG,Coal
1937-07-15,Baker,Sullivan,IN,20,Coal,Explosion,UG,Coal
1937-10-14,Mulga,Mulga,AL,34,Coal,Explosion,UG,Coal
1937-10-25,Jonesville,Jonesville,AK,14,Coal,Explosion,UG,Coal
1938-01-12,Harwick,Harwick,PA,10,Coal,Explosion,UG,Coal
1938-02-11,Vail (Star Valley),Afton,WY,5,Coal,Explosion,UG,Coal
1938-04-21,Keen Mountain,Hanger,VA,45,Coal,Explosion,UG,Coal
1938-04-27,No. 1 Slope,Pottsville,PA,8,Coal,Explosion,UG,Coal
1938-06-02,Butler Slope,Pittston,PA,10,Coal,Explosion,UG,Coal
1938-07-01,Praco No. 7,Praco,AL,6,Coal,Roof Fall/Bump,UG,Coal
1938-08-31,Ashville Quarry,Ashville,NC,5,Granite,Dynamite explosion,Surface,Stone
1939-01-31,Southern,Treece,KS,5,Zinc,Roof fall,UG,Nonmetal
1939-07-14,Duvin,Providence,KY,28,Coal,Explosion,UG,Coal
1940-01-10,Pond Creek No. 1,Bartley,WV,91,Coal,Explosion,UG,Coal
1940-03-16,Willow Grove No. 10,St. Clairsville,OH,72,Coal,Explosion,UG,Coal
1940-07-15,Sonman,Portage,PA,63,Coal,Explosion,UG,Coal
1940-08-27,No. 2,Bates,AR,10,Coal,Explosion,UG,Coal
1940-11-29,Nelms,Cadiz,OH,31,Coal,Explosion,UG,Coal
1940-12-17,No. 4,Raleigh,WV,9,Coal,Explosion,UG,Coal
1941-01-22,Carswell,Kimball,WV,6,Coal,Explosion,UG,Coal
1941-02-14,Fidelity,DuQuoin,IL,7,Coal,Explosives,UG,Coal
1941-05-22,Panhandle No. 2,Bicknell,IN,14,Coal,Explosion,UG,Coal
1941-06-04,Docena,Adamsville,AL,5,Coal,Explosion,UG,Coal
1941-06-30,Kent No. 2,McIntyre,PA,7,Coal,Explosion,UG,Coal
1941-07-10,Acmar No. 6,Acmar,AL,11,Coal,Explosion,UG,Coal
1941-10-27,Daniel Boone,Daniel Boone,KY,15,Coal,Explosion,UG,Coal
1941-12-28,No. 47,Harco,IL,8,Coal,Explosion,UG,Coal
1942-01-09,Pride,Silverton,CO,8,"Copper, Zinc, Lead, Gold, Silver",Fumes from surface fire at portal,UG,Metal
1942-01-27,Wadge,Mount Harris,CO,34,Coal,Explosion,UG,Coal
1942-03-26,Sandts Eddy Quarry,Allentown,PA,31,Limestone,Quarry blast,Surface,Stone
1942-05-11,Peerless No. 2,Excelsior,AR,6,Coal,Explosion,UG,Coal
1942-05-12,Christopher No. 3,Osage,WV,56,Coal,Explosion,UG,Coal
1942-05-18,Hitchman,Benwood,WV,5,Coal,Explosion,UG,Coal
1942-07-09,Pursglove No. 2,Pursglove,WV,20,Coal,Explosion,UG,Coal
1942-11-30,West KY No. 10,Wheatcroft,KY,6,Coal,Explosion,UG,Coal
1942-12-15,Laing No. 1,Laing,WV,5,Coal,Haulage,UG,Coal
1943-01-05,Boyd Mine,Ducktown,TN,9,Copper,Explosion,UG,Metal
1943-01-08,No. 15,Pursglove,WV,13,Coal,Fire,UG,Coal
1943-02-10,C. F. & H.,Shullsburg,WI,8,"Lead, Zinc",Cave-ins (2),UG,Metal
1943-02-27,Smith,Washoe,MT,74,Coal,Explosion,UG,Coal
1943-03-15,Atkinson Quarry,Excursion Inlet,AK,5,Rock,Blasting,Surface,Stone
1943-05-05,NuRex,LaFollette,TN,10,Coal,Explosion,UG,Coal
1943-05-11,Praco No. 10,Praco,AL,12,Coal,Explosion,UG,Coal
1943-08-28,"Sayreton, No. 2",Sayreton,AL,28,Coal,Explosion,UG,Coal
1943-09-16,3 Point,Three Point,KY,12,Coal,Explosion,UG,Coal
1943-09-24,Primrose Colliery,Minersville,PA,14,Coal,Explosion,UG,Coal
1943-11-06,Nellis No. 3,Madison,WV,11,Coal,Explosion,UG,Coal
1944-03-24,Katherine No. 4,Lumberport,WV,16,Coal,Explosion,UG,Coal
1944-06-07,Emerald,Clarksville,PA,6,Coal,Fire,UG,Coal
1944-07-05,Powhatan,Powhatan Point,OH,66,Coal,Fire,UG,Coal
1944-07-28,Brilliant No. 2,Brilliant,NM,6,Coal,Explosion,UG,Coal
1945-01-17,Bond Valley,Haileyville,OK,9,Coal,Explosion,UG,Coal
1945-02-20,St. Anthony,Tiger,AZ,5,"Lead, Zinc",Bunkhouse fire,Surface,Metal
1945-03-12,Crucible,Crucible,PA,5,Coal,Roof/bump,UG,Coal
1945-03-14,Kennilworth,Kennilworth,UT,7,Coal,Explosion,UG,Coal
1945-05-09,No. 1,Sunnyside,UT,23,Coal,Explosion,UG,Coal
1945-12-26,Belva No. 1,Fourmile,KY,25,Coal,Explosion,UG,Coal
1946-01-15,Havaco No. 9,Havaco,WV,15,Coal,Explosion,UG,Coal
1946-04-17,Great Valley,McCoy,VA,12,Coal,Explosion,UG,Coal
1947-01-15,Nottingham,Plymouth,PA,15,Coal,Explosion,UG,Coal
1947-03-25,No. 5,Centralia,IL,111,Coal,Explosion,UG,Coal
1947-04-09,Schooley,Exeter,PA,10,Coal,Explosion,UG,Coal
1947-04-30,Spring Hill,Terre Haute,IN,8,Coal,Explosion,UG,Coal
1947-07-24,Old Ben No. 8,W. Frankfort,IL,27,Coal,Explosion,UG,Coal
1947-12-11,Franklin,Wilkes-Barre,PA,8,Coal,Explosion,UG,Coal
1948-02-08,Sun Excelsior,Excelsior,AR,8,Coal,Explosion,UG,Coal
1948-05-20,No. 2,Dante,VA,6,Coal,Roof/bump,UG,Coal
1948-07-27,King,Princeton,IN,13,Coal,Explosion,UG,Coal
1948-07-30,Edgewater,Birmingham,AL,11,Coal,Explosion,UG,Coal
1948-08-06,No. 11,Capels,WV,6,Coal,Roof fall/bump,UG,Coal
1948-11-04,Milt No. 1,Kitzmiller,MD,5,Coal,Fire,UG,Coal
1950-07-16,"Lark, U.S. Smelting",Lark,UT,5,"Lead, Zinc",Fire,UG,Metal
1951-01-18,Burning Springs,Kermit,WV,11,Coal,Explosion,UG,Coal
1951-03-29,Buttonwood,Wilkes-Barre,PA,5,Coal,Explosion,UG,Coal
1951-10-14,Bunker,Cassville,WV,10,Coal,Explosion,UG,Coal
1951-10-31,United Gas No. 1,United,WV,12,Coal,Explosion,UG,Coal
1951-12-21,Orient No. 2,West Frankfort,IL,119,Coal,Explosion,UG,Coal
1952-02-02,Carpentertown,Carpentertown,PA,6,Coal,Explosion,UG,Coal
1952-03-27,Holmes Slope,Minersville,PA,5,Coal,Inundation,UG,Coal
1952-07-24,Arizona Precast Concrete,Apache Junction,AZ,5,Rock & Stone,"Collapse load, trestle",Surface,Stone
1952-10-30,"Herron, Alpena Enterprises",Herron,MI,5,Gold Prospect,Shaft explosion,UG,Metal
1953-03-30,O'Brien,Lovilia,IA,5,Coal,Explosion,UG,Coal
1954-03-31,Santa Rita Open Pit,Santa Rita,NM,5,Copper,Premature blast,Surface,Metal
1954-11-13,Jamison No. 9,Farmington,WV,16,Coal,Explosion,UG,Coal
1957-01-18,Evan Jones,Jonesville,AK,5,Coal,Explosion,UG,Coal
1957-02-04,Bishop No. 34,McDowell County,WV,37,Coal,Explosion,UG,Coal
1957-09-23,Marianna No. 58,Marianna,PA,6,Coal,Explosion,UG,Coal
1957-12-09,Glen Rogers No. 2,Glen Rogers,WV,5,Coal,Roof fall/bump,UG,Coal
1957-12-27,Amonate No. 31,McDowell Co.,WV,11,Coal,Explosion,UG,Coal
1958-02-12,Lundale,Lundale,WV,6,Coal,Roof fall/bump,UG,Coal
1958-10-27,Bishop No. 34,McDowell County,WV,22,Coal,Explosion,UG,Coal
1958-10-28,Burton Mine,Craigsville,WV,14,Coal,Explosion,UG,Coal
1959-01-22,River Slope,Port Griffith,PA,12,Coal,Inundation,UG,Coal
1959-03-23,Phillips and West,Robbins,TN,9,Coal,Explosion,UG,Coal
1959-06-01,Sherwood Mine,Iron River,MI,6,Iron ore,Inrush hot gases/steam,UG,Metal
1960-03-08,No. 22,Pine Creek,WV,18,Coal,Fire,UG,Coal
1961-03-02,Viking Mine,Terre Haute,IN,22,Coal,Explosion,UG,Coal
1962-01-10,Blue Blaze No. 2,Herrin,IL,11,Coal,Explosion,UG,Coal
1962-12-06,Robena No. 3,Carmichaels,PA,37,Coal,Explosion,UG,Coal
1963-04-24,Compass No. 2,Dola,WV,22,Coal,Explosion,UG,Coal
1963-08-28,Cane Creek Mine,Moab,UT,18,Potash,Gas explosion,UG,Metal
1963-12-16,Carbon Fuel No. 2,Helper,UT,9,Coal,Explosion,UG,Coal
1965-05-24,C. L. Cline No. 2,Robbins,TN,5,Coal,Explosion,UG,Coal
1965-10-16,Mars No. 2,Wilsonburg,WV,7,Coal,Explosion,UG,Coal
1965-12-28,Dutch Creek Mine,Redstone,CO,9,Coal,Explosion,UG,Coal
1966-06-01,Dora No.2,Dora,PA,5,Coal,Suffocation,UG,Coal
1966-07-23,Siltex Mine,Mt. Hope,WV,7,Coal,Explosion,UG,Coal
1968-03-06,Belle Isle Mine,Franklin,LA,21,Salt,Fire,UG,Nonmetal
1968-08-07,River Queen,Greenville,KY,9,Coal,Explosion,UG,Coal
1968-11-20,Consol No. 9,Farmington,WV,78,Coal,Explosion,UG,Coal
1970-12-30,Finley Coal No. 15 & 16,Hyden,KY,38,Coal,Explosion,UG,Coal
1971-04-11,Barnett Complex Mine,Rosiclare,IL,7,Flurospar,Hydrogen Sulfide Gas,UG,Nonmetal
1972-02-26,Buffalo Mining Co.,Saunders,WV,114,Coal,Dam failure,UG,Coal
1972-05-02,Sunshine Mining Company,Kellogg,ID,91,Silver,Fire,UG,Metal
1972-07-22,Blacksville No. 1,Blacksville,WV,9,Coal,Fire,UG,Coal
1972-12-16,Itmann No. 3,Itmann,WV,5,Coal,Explosion,UG,Coal
1976-03-09,Scotia,Ovenfork,KY,15,Coal,Explosion,UG,Coal
1976-03-11,Scotia (second) *,Ovenfork,KY,11,Coal,Explosion,UG,Coal
1977-03-01,Porter Tunnel,Tower City,PA,9,Coal,Flood,UG,Coal
1978-04-03,Moss No. 3 *,Duty,VA,5,Coal,Suffocation (oxygen deficient air),UG,Coal
1979-06-08,Belle Isle Mine,Franklin,LA,5,Salt,Gas explosion,UG,Nonmetal
1980-11-07,Ferrell No. 17,Uneeda,WV,5,Coal,Explosion,UG,Coal
1981-04-14,Mid-Continent Resources Dutch Creek #1,Redstone,CO,15,Coal,Explosion,UG,Coal
1981-12-07,Adkins Coal Mine #11,Kite,KY,8,Coal,Explosion,UG,Coal
1981-12-08,Grundy Mining Co. Mine #21,Whitewell,TN,13,Coal,Explosion,UG,Coal
1982-01-20,RHF No. 1,Craynor,KY,7,Coal,Explosion,UG,Coal
1983-06-21,McClure #1 Mine,McClure,VA,7,Coal,Explosion,UG,Coal
1984-12-19,Wilberg Mine,Orangeville,UT,27,Coal,Fire,UG,Coal
1986-02-06,Loveridge No. 22,Fairview,WV,5,Coal,Collapsed coal pile caused suffocation,UG,Coal
1989-09-13,William Station No. 9 Mine,Sullivan,KY,10,Coal,Explosion,UG,Coal
1992-12-07,No. 3 Mine,Norton,VA,8,Coal,Explosion,UG,Coal
2001-09-23,No. 5 Mine,Brookwood,AL,13,Coal,Explosion,UG,Coal
2006-01-02,Sago Mine,Buckhannon,WV,12,Coal,Explosion,UG,Coal
2006-05-20,Darby Mine No. 1,Middlesboro,KY,5,Coal,Explosion,UG,Coal
2007-08-06,Crandall Canyon Mine **,Huntington,UT,6,Coal,Fall of face or rib,UG,Coal
2010-04-05,Upper Big Branch Mine-South,Montcoal,WV,29,Coal,Ignition or explosion of gas or dust,UG,Coal